{"name":"tommywilczek_walmart","title":"Walmart","homepage":"https://data.world/tommywilczek/walmart","resources":[{"name":"features","schema":{"fields":[{"name":"store","title":"Store","type":"integer","rdfType":"http://www.w3.org/2001/XMLSchema#integer","dwSourceId":"store"},{"name":"date","title":"Date","type":"date","rdfType":"http://www.w3.org/2001/XMLSchema#date","dwSourceId":"date"},{"name":"temperature","title":"Temperature","type":"number","rdfType":"http://www.w3.org/2001/XMLSchema#decimal","dwSourceId":"temperature"},{"name":"fuel_price","title":"Fuel_Price","type":"number","rdfType":"http://www.w3.org/2001/XMLSchema#decimal","dwSourceId":"fuel_price"},{"name":"markdown1","title":"MarkDown1","type":"number","rdfType":"http://www.w3.org/2001/XMLSchema#decimal","dwSourceId":"markdown1"},{"name":"markdown2","title":"MarkDown2","type":"number","rdfType":"http://www.w3.org/2001/XMLSchema#decimal","dwSourceId":"markdown2"},{"name":"markdown3","title":"MarkDown3","type":"number","rdfType":"http://www.w3.org/2001/XMLSchema#decimal","dwSourceId":"markdown3"},{"name":"markdown4","title":"MarkDown4","type":"number","rdfType":"http://www.w3.org/2001/XMLSchema#decimal","dwSourceId":"markdown4"},{"name":"markdown5","title":"MarkDown5","type":"number","rdfType":"http://www.w3.org/2001/XMLSchema#decimal","dwSourceId":"markdown5"},{"name":"cpi","title":"CPI","type":"number","rdfType":"http://www.w3.org/2001/XMLSchema#decimal","dwSourceId":"cpi"},{"name":"unemployment","title":"Unemployment","type":"number","rdfType":"http://www.w3.org/2001/XMLSchema#decimal","dwSourceId":"unemployment"},{"name":"isholiday","title":"IsHoliday","type":"boolean","rdfType":"http://www.w3.org/2001/XMLSchema#boolean","dwSourceId":"isholiday"}]},"path":"data/features.csv","format":"csv"},{"name":"mycity","schema":{"fields":[{"name":"regiontype","title":"RegionType","type":"string","rdfType":"http://www.w3.org/2001/XMLSchema#string","dwSourceId":"regiontype"},{"name":"regionname","title":"RegionName","type":"string","rdfType":"http://www.w3.org/2001/XMLSchema#string","dwSourceId":"regionname"},{"name":"city","title":"City","type":"string","rdfType":"http://www.w3.org/2001/XMLSchema#string","dwSourceId":"city"},{"name":"state","title":"State","type":"string","rdfType":"http://www.w3.org/2001/XMLSchema#string","dwSourceId":"state"},{"name":"metro","title":"Metro","type":"string","rdfType":"http://www.w3.org/2001/XMLSchema#string","dwSourceId":"metro"},{"name":"cbsatitle","title":"CBSATitle","type":"string","rdfType":"http://www.w3.org/2001/XMLSchema#string","dwSourceId":"cbsatitle"},{"name":"sizerank","title":"SizeRank","type":"integer","rdfType":"http://www.w3.org/2001/XMLSchema#integer","dwSourceId":"sizerank"},{"name":"markethealthindex","title":"MarketHealthIndex","type":"number","rdfType":"http://www.w3.org/2001/XMLSchema#decimal","dwSourceId":"markethealthindex"},{"name":"sellforgain","title":"SellForGain","type":"number","rdfType":"http://www.w3.org/2001/XMLSchema#decimal","dwSourceId":"sellforgain"},{"name":"prevforeclosed","title":"PrevForeclosed","type":"number","rdfType":"http://www.w3.org/2001/XMLSchema#decimal","dwSourceId":"prevforeclosed"},{"name":"foreclosureratio","title":"ForeclosureRatio","type":"number","rdfType":"http://www.w3.org/2001/XMLSchema#decimal","dwSourceId":"foreclosureratio"},{"name":"zhvi","title":"ZHVI","type":"number","rdfType":"http://www.w3.org/2001/XMLSchema#decimal","dwSourceId":"zhvi"},{"name":"mom","title":"MoM","type":"number","rdfType":"http://www.w3.org/2001/XMLSchema#decimal","dwSourceId":"mom"},{"name":"yoy","title":"YoY","type":"number","rdfType":"http://www.w3.org/2001/XMLSchema#decimal","dwSourceId":"yoy"},{"name":"forecastyoypctchange","title":"ForecastYoYPctChange","type":"number","rdfType":"http://www.w3.org/2001/XMLSchema#decimal","dwSourceId":"forecastyoypctchange"},{"name":"stockofreos","title":"StockOfREOs","type":"string","rdfType":"http://www.w3.org/2001/XMLSchema#string","dwSourceId":"stockofreos"},{"name":"negativeequity","title":"NegativeEquity","type":"number","rdfType":"http://www.w3.org/2001/XMLSchema#decimal","dwSourceId":"negativeequity"},{"name":"delinquency","title":"Delinquency","type":"number","rdfType":"http://www.w3.org/2001/XMLSchema#decimal","dwSourceId":"delinquency"},{"name":"daysonmarket","title":"DaysOnMarket","type":"number","rdfType":"http://www.w3.org/2001/XMLSchema#decimal","dwSourceId":"daysonmarket"}]},"path":"data/mycity.csv","format":"csv"},{"name":"stores","schema":{"fields":[{"name":"store","title":"Store","type":"integer","rdfType":"http://www.w3.org/2001/XMLSchema#integer","dwSourceId":"store"},{"name":"type","title":"Type","type":"string","rdfType":"http://www.w3.org/2001/XMLSchema#string","dwSourceId":"type"},{"name":"size","title":"Size","type":"integer","rdfType":"http://www.w3.org/2001/XMLSchema#integer","dwSourceId":"size"}]},"path":"data/stores.csv","format":"csv"},{"name":"train","schema":{"fields":[{"name":"store","title":"Store","type":"integer","rdfType":"http://www.w3.org/2001/XMLSchema#integer","dwSourceId":"store"},{"name":"dept","title":"Dept","type":"integer","rdfType":"http://www.w3.org/2001/XMLSchema#integer","dwSourceId":"dept"},{"name":"date","title":"Date","type":"date","rdfType":"http://www.w3.org/2001/XMLSchema#date","dwSourceId":"date"},{"name":"weekly_sales","title":"Weekly_Sales","type":"number","rdfType":"http://www.w3.org/2001/XMLSchema#decimal","dwSourceId":"weekly_sales"},{"name":"isholiday","title":"IsHoliday","type":"boolean","rdfType":"http://www.w3.org/2001/XMLSchema#boolean","dwSourceId":"isholiday"}]},"path":"data/train.csv","format":"csv"},{"name":"walmart","schema":{"fields":[{"name":"column_a","title":"Column A","description":"Row Number","type":"integer","rdfType":"http://www.w3.org/2001/XMLSchema#integer","dwSourceId":"column_a"},{"name":"store","title":"Store","type":"integer","rdfType":"http://www.w3.org/2001/XMLSchema#integer","dwSourceId":"store"},{"name":"date","title":"Date","type":"date","rdfType":"http://www.w3.org/2001/XMLSchema#date","dwSourceId":"date"},{"name":"isholiday","title":"IsHoliday","type":"boolean","rdfType":"http://www.w3.org/2001/XMLSchema#boolean","dwSourceId":"isholiday"},{"name":"dept","title":"Dept","type":"integer","rdfType":"http://www.w3.org/2001/XMLSchema#integer","dwSourceId":"dept"},{"name":"weekly_sales","title":"Weekly_Sales","type":"number","rdfType":"http://www.w3.org/2001/XMLSchema#decimal","dwSourceId":"weekly_sales"},{"name":"temperature","title":"Temperature","type":"number","rdfType":"http://www.w3.org/2001/XMLSchema#decimal","dwSourceId":"temperature"},{"name":"fuel_price","title":"Fuel_Price","type":"number","rdfType":"http://www.w3.org/2001/XMLSchema#decimal","dwSourceId":"fuel_price"},{"name":"markdown1","title":"MarkDown1","type":"number","rdfType":"http://www.w3.org/2001/XMLSchema#decimal","dwSourceId":"markdown1"},{"name":"markdown2","title":"MarkDown2","type":"number","rdfType":"http://www.w3.org/2001/XMLSchema#decimal","dwSourceId":"markdown2"},{"name":"markdown3","title":"MarkDown3","type":"number","rdfType":"http://www.w3.org/2001/XMLSchema#decimal","dwSourceId":"markdown3"},{"name":"markdown4","title":"MarkDown4","type":"number","rdfType":"http://www.w3.org/2001/XMLSchema#decimal","dwSourceId":"markdown4"},{"name":"markdown5","title":"MarkDown5","type":"number","rdfType":"http://www.w3.org/2001/XMLSchema#decimal","dwSourceId":"markdown5"},{"name":"cpi","title":"CPI","type":"number","rdfType":"http://www.w3.org/2001/XMLSchema#decimal","dwSourceId":"cpi"},{"name":"unemployment","title":"Unemployment","type":"number","rdfType":"http://www.w3.org/2001/XMLSchema#decimal","dwSourceId":"unemployment"},{"name":"type","title":"Type","type":"string","rdfType":"http://www.w3.org/2001/XMLSchema#string","dwSourceId":"type"},{"name":"size","title":"Size","type":"integer","rdfType":"http://www.w3.org/2001/XMLSchema#integer","dwSourceId":"size"}]},"path":"data/walmart.csv","format":"csv"},{"name":"walmartsample","schema":{"fields":[{"name":"column_a","title":"Column A","type":"integer","rdfType":"http://www.w3.org/2001/XMLSchema#integer","dwSourceId":"column_a"},{"name":"x","title":"X","type":"integer","rdfType":"http://www.w3.org/2001/XMLSchema#integer","dwSourceId":"x"},{"name":"store","title":"Store","type":"integer","rdfType":"http://www.w3.org/2001/XMLSchema#integer","dwSourceId":"store"},{"name":"date","title":"Date","type":"date","rdfType":"http://www.w3.org/2001/XMLSchema#date","dwSourceId":"date"},{"name":"isholiday","title":"IsHoliday","type":"boolean","rdfType":"http://www.w3.org/2001/XMLSchema#boolean","dwSourceId":"isholiday"},{"name":"dept","title":"Dept","type":"integer","rdfType":"http://www.w3.org/2001/XMLSchema#integer","dwSourceId":"dept"},{"name":"weekly_sales","title":"Weekly_Sales","type":"number","rdfType":"http://www.w3.org/2001/XMLSchema#decimal","dwSourceId":"weekly_sales"},{"name":"temperature","title":"Temperature","type":"number","rdfType":"http://www.w3.org/2001/XMLSchema#decimal","dwSourceId":"temperature"},{"name":"fuel_price","title":"Fuel_Price","type":"number","rdfType":"http://www.w3.org/2001/XMLSchema#decimal","dwSourceId":"fuel_price"},{"name":"markdown1","title":"MarkDown1","type":"number","rdfType":"http://www.w3.org/2001/XMLSchema#decimal","dwSourceId":"markdown1"},{"name":"markdown2","title":"MarkDown2","type":"number","rdfType":"http://www.w3.org/2001/XMLSchema#decimal","dwSourceId":"markdown2"},{"name":"markdown3","title":"MarkDown3","type":"number","rdfType":"http://www.w3.org/2001/XMLSchema#decimal","dwSourceId":"markdown3"},{"name":"markdown4","title":"MarkDown4","type":"number","rdfType":"http://www.w3.org/2001/XMLSchema#decimal","dwSourceId":"markdown4"},{"name":"markdown5","title":"MarkDown5","type":"number","rdfType":"http://www.w3.org/2001/XMLSchema#decimal","dwSourceId":"markdown5"},{"name":"cpi","title":"CPI","type":"number","rdfType":"http://www.w3.org/2001/XMLSchema#decimal","dwSourceId":"cpi"},{"name":"unemployment","title":"Unemployment","type":"number","rdfType":"http://www.w3.org/2001/XMLSchema#decimal","dwSourceId":"unemployment"},{"name":"type","title":"Type","type":"string","rdfType":"http://www.w3.org/2001/XMLSchema#string","dwSourceId":"type"},{"name":"size","title":"Size","type":"integer","rdfType":"http://www.w3.org/2001/XMLSchema#integer","dwSourceId":"size"}]},"path":"data/walmartsample.csv","format":"csv"},{"name":"original/features.csv","path":"original/features.csv","format":"csv","mediatype":"text/csv","bytes":592289},{"name":"original/myCity.csv","path":"original/myCity.csv","format":"csv","mediatype":"text/csv","bytes":2224411},{"name":"original/stores.csv","path":"original/stores.csv","format":"csv","mediatype":"text/csv","bytes":532},{"name":"original/train.csv","path":"original/train.csv","format":"csv","mediatype":"text/csv","bytes":12842546},{"name":"original/walmart.csv","path":"original/walmart.csv","format":"csv","mediatype":"text/csv","bytes":43590594},{"name":"original/walmartSample.csv","path":"original/walmartSample.csv","format":"csv","mediatype":"text/csv","bytes":54844}]}